Provincia,Departamento,Dominio_mas_frecuente
Buenos Aires,9 De Julio,hotmail
Buenos Aires,Adolfo Alsina,adolfoalsina
Buenos Aires,Alberti,alberti
Buenos Aires,Almirante Brown,gmail
Buenos Aires,Avellaneda,gmail
Buenos Aires,Bahia Blanca,gmail
Buenos Aires,Balcarce,gmail
Buenos Aires,Berazategui,gmail
Buenos Aires,Bragado,gmail
Buenos Aires,Coronel Brandsen,gmail
Buenos Aires,Coronel Suarez,gmail
Buenos Aires,Dolores,hotmail
Buenos Aires,Dolores,gmail
Buenos Aires,Ensenada,gmail
Buenos Aires,Escobar,hotmail
Buenos Aires,Escobar,gmail
Buenos Aires,Esteban Echeverria,gmail
Buenos Aires,General Juan Madariaga,hotmail
Buenos Aires,General Pueyrredon,gmail
Buenos Aires,General San Martin,gmail
Buenos Aires,Ituzaingo,gmail
Buenos Aires,Jose C. Paz,gmail
Buenos Aires,Junin,gmail
Buenos Aires,La Plata,gmail
Buenos Aires,Lanus,gmail
Buenos Aires,Lobos,gmail
Buenos Aires,Lomas De Zamora,gmail
Buenos Aires,Malvinas Argentinas,hotmail
Buenos Aires,Mercedes,hotmail
Buenos Aires,Mercedes,gmail
Buenos Aires,Merlo,gmail
Buenos Aires,Merlo,yahoo
Buenos Aires,Merlo,suteba
Buenos Aires,Moron,gmail
Buenos Aires,Necochea,gmail
Buenos Aires,Olavarria,gmail
Buenos Aires,Pergamino,hotmail
Buenos Aires,Pergamino,yahoo
Buenos Aires,Pigue,gmail
Buenos Aires,Pilar,serenartepilar
Buenos Aires,Pilar,gmail
Buenos Aires,Quilmes,gmail
Buenos Aires,Rauch,gmail
Buenos Aires,San Fernando,gmail
Buenos Aires,San Fernando,yahoo
Buenos Aires,San Isidro,gmail
Buenos Aires,San Nicolas,hotmail
Buenos Aires,San Pedro,yahoo
Buenos Aires,San Vicente,gmail
Buenos Aires,Tandil,gmail
Buenos Aires,Tigre,gmail
Buenos Aires,Tres De Febrero,gmail
Buenos Aires,Veronica,gmail
Buenos Aires,Vicente Lopez,gmail
Buenos Aires,Villarino,gmail
Buenos Aires,Villarino,hotmail
Buenos Aires,Villarino,luronet
Catamarca,Andalgala,yahoo
Catamarca,Andalgala,gmail
Catamarca,Capital,gmail
Catamarca,Fray Mamerto Esquiu,hotmail
Catamarca,Fray Mamerto Esquiu,elgalponclubdesalud
Catamarca,Poman,gmail
Catamarca,Valle Viejo,gmail
Chaco,1º De Mayo,gmail
Chaco,Libertad,yahoo
Chaco,O'Higgins,yahoo
Chaco,San Fernando,gmail
Chubut,Biedma,gmail
Chubut,Cushamen,gmail
Chubut,Escalante,gmail
Chubut,Futaleufu,gmail
Chubut,Rawson,gmail
Ciudad Autónoma de Buenos Aires,Ciudad Autonoma De Buenos Aires,gmail
Corrientes,Capital,gmail
Córdoba,Capital,gmail
Córdoba,Colon,gmail
Córdoba,Cruz Del Eje,hotmail
Córdoba,Ischilin,deanfunes
Córdoba,Marcos Juarez,gmail
Córdoba,Marcos Juarez,live
Córdoba,Minas,hotmail
Córdoba,Punilla,gmail
Córdoba,Rio Cuarto,hotmail
Córdoba,Rio Seco,fundacionyupanqui
Córdoba,San Javier,gmail
Córdoba,San Justo,hotmail
Córdoba,San Justo,coopmorteros
Córdoba,Santa Maria,altagracia
Córdoba,Santa Maria,gmail
Córdoba,Santa Maria,fundacionholderlin
Córdoba,Santa Maria,hotmail
Córdoba,Tercero Arriba,hotmail
Córdoba,Union,gmail
Entre Ríos,Colon,hotmail
Entre Ríos,Colon,gmail
Entre Ríos,Concordia,hotmail
Entre Ríos,Concordia,gmail
Entre Ríos,Federacion,chajari
Entre Ríos,Federal,yahoo
Entre Ríos,Gualeguaychu,yahoo
Entre Ríos,Parana,gmail
Entre Ríos,Uruguay,gmail
Entre Ríos,Uruguay,yahoo
Entre Ríos,Villaguay,hotmail
Entre Ríos,Villaguay,gmail
Formosa,Formosa,yahoo
Formosa,Formosa,gmail
Jujuy,Dr. Manuel Belgrano,gmail
Jujuy,Humahuaca,arnet
Jujuy,Tilcara,yahoo
Jujuy,Tilcara,gmail
La Pampa,Capital,gmail
La Pampa,Maraco,gmail
La Pampa,Toay,hotmail
La Rioja,Capital,gmail
Mendoza,Capital,gmail
Mendoza,Godoy Cruz,yahoo
Mendoza,Guaymallen,gmail
Mendoza,Lujan De Cuyo,gmail
Mendoza,San Rafael,yahoo
Mendoza,San Rafael,gmail
Misiones,Capital,live
Misiones,Capital,gmail
Misiones,Eldorado,yahoo
Misiones,Eldorado,hotmail
Misiones,Iguazu,yahoo
Misiones,Obera,yahoo
Misiones,Obera,fiestadelinmigrante
Misiones,San Pedro,gmail
Neuquén,Confluencia,hotmail
Neuquén,Confluencia,gmail
Neuquén,Confluencia,ypf
Neuquén,Confluencia,fundacionfabricadeartistas
Neuquén,Confluencia,laconrado
Neuquén,Confluencia,yahoo
Neuquén,Confluencia,neuquen
Neuquén,Lacar,gmail
Neuquén,Los Lagos,villalaangostura
Neuquén,Zapala,zapala
Río Negro,Bariloche,gmail
Río Negro,Conesa,hotmail
Río Negro,General Roca,gmail
Río Negro,San Antonio,yahoo
Salta,Cafayate,gmail
Salta,Capital,gmail
Salta,Iruya,hotmail
Salta,Oran,gmail
Salta,Rosario De Lerma,hotmail
Salta,San Carlos,gmail
San Juan,Capital,gmail
San Juan,Chimbas,gmail
San Juan,Rivadavia,gmail
San Juan,Rivadavia,hotmail
San Luis,Coronel Pringles,yahoo
San Luis,General Pedernera,gmail
San Luis,Junin,gmail
Santa Cruz,Deseado,gmail
Santa Cruz,Guer Aike,hotmail
Santa Cruz,Lago Argentino,gmail
Santa Fe,Caseros,chabas
Santa Fe,Castellanos,gmail
Santa Fe,Constitucion,gmail
Santa Fe,General Lopez,hotmail
Santa Fe,General Lopez,gmail
Santa Fe,General Lopez,venadotuerto
Santa Fe,General Obligado,gmail
Santa Fe,La Capital,gmail
Santa Fe,Las Colonias,hotmail
Santa Fe,Las Colonias,gmail
Santa Fe,Rosario,gmail
Santa Fe,San Cristobal,hotmail
Santa Fe,San Justo,gmail
Santa Fe,San Lorenzo,gmail
Santa Fe,San Martin,gmail
Santa Fe,Vera,gmail
Santiago del Estero,Banda,gmail
Santiago del Estero,Banda,hotmail
Santiago del Estero,Capital,gmail
"Tierra del Fuego, Antártida e Islas del Atlántico Sur",Rio Grande,riogrande
"Tierra del Fuego, Antártida e Islas del Atlántico Sur",Rio Grande,gmail
"Tierra del Fuego, Antártida e Islas del Atlántico Sur",Rio Grande,hotmail
"Tierra del Fuego, Antártida e Islas del Atlántico Sur",Ushuaia,gmail
Tucumán,Capital,gmail
Tucumán,Cruz Alta,gmail
Tucumán,Lules,gmail
Tucumán,Yerba Buena,gmail
