Provincia,Departamento,Jardines,Población Jardin,Primarias,Población Primaria,Secundarios,Población Secundaria
Buenos Aires,La Matanza,53.0,87162.0,325.0,225872.0,333.0,181212.0
Buenos Aires,La Plata,59.0,29260.0,215.0,77998.0,199.0,67326.0
Buenos Aires,General Pueyrredon,52.0,23100.0,177.0,62565.0,169.0,57730.0
Buenos Aires,Lomas De Zamora,41.0,28806.0,160.0,76967.0,178.0,65257.0
Buenos Aires,Quilmes,43.0,26975.0,160.0,70881.0,146.0,60085.0
Buenos Aires,Almirante Brown,24.0,25188.0,132.0,67913.0,137.0,58227.0
Buenos Aires,Tigre,29.0,18454.0,121.0,51961.0,111.0,45401.0
Buenos Aires,Moreno,9.0,28521.0,118.0,76357.0,134.0,60359.0
Buenos Aires,Lanus,28.0,16028.0,118.0,44506.0,116.0,39855.0
Buenos Aires,Avellaneda,34.0,13168.0,118.0,37082.0,93.0,32476.0
Buenos Aires,Merlo,4.0,27105.0,110.0,71541.0,120.0,59718.0
Buenos Aires,Pilar,27.0,18864.0,105.0,49944.0,109.0,41528.0
Buenos Aires,Tres De Febrero,36.0,12280.0,104.0,33616.0,87.0,30170.0
Buenos Aires,Berazategui,20.0,14843.0,100.0,41462.0,92.0,35467.0
Buenos Aires,General San Martin,29.0,15897.0,99.0,44539.0,96.0,39634.0
Buenos Aires,Florencio Varela,5.0,24703.0,97.0,64455.0,98.0,52426.0
Buenos Aires,Moron,55.0,10346.0,95.0,28780.0,90.0,26584.0
Buenos Aires,Bahia Blanca,31.0,12522.0,93.0,33944.0,94.0,28746.0
Buenos Aires,San Isidro,50.0,9488.0,92.0,26323.0,90.0,25052.0
Buenos Aires,San Miguel,17.0,13979.0,85.0,37035.0,92.0,30653.0
Buenos Aires,Vicente Lopez,66.0,8348.0,84.0,22610.0,76.0,21312.0
Buenos Aires,Malvinas Argentinas,7.0,14565.0,78.0,40319.0,81.0,34959.0
Buenos Aires,Escobar,12.0,12294.0,76.0,31983.0,75.0,25714.0
Buenos Aires,Esteban Echeverria,9.0,15490.0,71.0,41112.0,71.0,34241.0
Buenos Aires,San Fernando,23.0,6594.0,64.0,17900.0,55.0,15461.0
Buenos Aires,Tandil,31.0,5517.0,58.0,14723.0,60.0,12884.0
Buenos Aires,Olavarria,28.0,4840.0,58.0,13055.0,73.0,11526.0
Buenos Aires,Jose C. Paz,2.0,16399.0,55.0,42316.0,62.0,34014.0
Buenos Aires,Lujan,17.0,4701.0,52.0,12341.0,49.0,10388.0
Buenos Aires,Ezeiza,12.0,9825.0,51.0,25615.0,44.0,21089.0
Buenos Aires,Ituzaingo,13.0,6232.0,50.0,17692.0,45.0,16004.0
Buenos Aires,Pergamino,27.0,4820.0,50.0,12264.0,56.0,10389.0
Buenos Aires,San Nicolas,17.0,6938.0,49.0,17845.0,56.0,15225.0
Buenos Aires,Hurlingham,15.0,6675.0,45.0,18866.0,46.0,16751.0
Buenos Aires,Junin,19.0,4127.0,42.0,10433.0,46.0,8728.0
Buenos Aires,Zarate,15.0,5546.0,42.0,15431.0,45.0,13300.0
Buenos Aires,Trenque Lauquen,16.0,2171.0,41.0,5326.0,46.0,4442.0
Buenos Aires,Campana,23.0,4628.0,40.0,12587.0,42.0,10846.0
Buenos Aires,Necochea,24.0,3905.0,38.0,10545.0,51.0,9347.0
Buenos Aires,General Rodriguez,10.0,7808.0,36.0,20970.0,33.0,15698.0
Buenos Aires,Azul,21.0,3086.0,36.0,8219.0,55.0,7066.0
Buenos Aires,Mercedes,11.0,3084.0,35.0,7882.0,41.0,6753.0
Buenos Aires,25 De Mayo,28.0,1498.0,35.0,3733.0,47.0,3238.0
Buenos Aires,Tres Arroyos,17.0,2432.0,35.0,6392.0,43.0,5392.0
Buenos Aires,9 De Julio,15.0,2262.0,34.0,5830.0,38.0,4999.0
Buenos Aires,Chivilcoy,23.0,2733.0,33.0,7181.0,50.0,6479.0
Buenos Aires,Coronel Suarez,22.0,1573.0,32.0,4418.0,34.0,3537.0
Buenos Aires,Chacabuco,12.0,1940.0,32.0,5344.0,37.0,4811.0
Buenos Aires,Lincoln,22.0,1843.0,31.0,4674.0,41.0,4080.0
Buenos Aires,Balcarce,16.0,1973.0,31.0,5070.0,38.0,4268.0
Buenos Aires,San Pedro,11.0,3165.0,30.0,8283.0,42.0,7113.0
Buenos Aires,General Villegas,9.0,1510.0,30.0,4006.0,32.0,3428.0
Buenos Aires,Bolivar,17.0,1590.0,30.0,3857.0,37.0,3206.0
Buenos Aires,Canuelas,5.0,3575.0,29.0,9538.0,38.0,7497.0
Buenos Aires,Baradero,11.0,1697.0,28.0,4372.0,27.0,3818.0
Buenos Aires,Lobos,21.0,1853.0,28.0,4668.0,35.0,4035.0
Buenos Aires,San Vicente,3.0,5505.0,28.0,14032.0,30.0,10952.0
Buenos Aires,Pehuajo,8.0,1886.0,28.0,4827.0,34.0,4284.0
Buenos Aires,La Costa,7.0,4245.0,27.0,11364.0,25.0,10072.0
Buenos Aires,San Andres De Giles,18.0,1236.0,26.0,3031.0,29.0,2583.0
Buenos Aires,Saladillo,12.0,1476.0,25.0,3785.0,37.0,3339.0
Buenos Aires,Berisso,1.0,4327.0,25.0,11779.0,28.0,9722.0
Buenos Aires,Coronel De Marina Leonardo Rosales,4.0,2684.0,24.0,7353.0,27.0,6424.0
Buenos Aires,Chascomus,10.0,1873.0,23.0,4976.0,38.0,4223.0
Buenos Aires,Presidente Peron,0.0,5563.0,22.0,14476.0,19.0,11730.0
Buenos Aires,Patagones,13.0,1630.0,22.0,4262.0,30.0,3335.0
Buenos Aires,Villarino,17.0,1415.0,21.0,3677.0,35.0,3288.0
Buenos Aires,Marcos Paz,8.0,3460.0,21.0,8477.0,24.0,7148.0
Buenos Aires,Salto,10.0,1728.0,20.0,4405.0,20.0,3794.0
Buenos Aires,Ayacucho,6.0,985.0,20.0,2442.0,36.0,2150.0
Buenos Aires,General Alvarado,10.0,1945.0,20.0,4822.0,20.0,4254.0
Buenos Aires,Magdalena,10.0,1042.0,20.0,2768.0,23.0,2260.0
Buenos Aires,Brandsen,4.0,1475.0,20.0,3997.0,22.0,3510.0
Buenos Aires,Exaltacion De La Cruz,3.0,1929.0,19.0,4920.0,21.0,3860.0
Buenos Aires,Coronel Pringles,13.0,1075.0,19.0,2791.0,24.0,2166.0
Buenos Aires,Mar Chiquita,10.0,1423.0,19.0,3622.0,26.0,3044.0
Buenos Aires,San Antonio De Areco,15.0,1168.0,19.0,2873.0,18.0,2569.0
Buenos Aires,General Juan Madariaga,11.0,909.0,19.0,2637.0,23.0,2375.0
Buenos Aires,Navarro,10.0,828.0,19.0,2341.0,30.0,2082.0
Buenos Aires,Adolfo Alsina,11.0,732.0,18.0,1697.0,23.0,1437.0
Buenos Aires,Carlos Casares,16.0,979.0,18.0,2491.0,23.0,2110.0
Buenos Aires,Loberia,16.0,699.0,18.0,1865.0,32.0,1638.0
Buenos Aires,Rauch,4.0,669.0,18.0,1761.0,24.0,1519.0
Buenos Aires,Bragado,11.0,1884.0,17.0,4807.0,22.0,4203.0
Buenos Aires,Roque Perez,12.0,615.0,17.0,1572.0,25.0,1316.0
Buenos Aires,Rojas,14.0,1027.0,17.0,2724.0,23.0,2362.0
Buenos Aires,Coronel Dorrego,13.0,632.0,17.0,1609.0,20.0,1418.0
Buenos Aires,Ensenada,11.0,2860.0,17.0,7776.0,18.0,6660.0
Buenos Aires,Monte,9.0,1098.0,16.0,3031.0,18.0,2380.0
Buenos Aires,Arrecifes,13.0,1435.0,16.0,3542.0,20.0,2961.0
Buenos Aires,Carmen De Areco,14.0,785.0,16.0,1927.0,19.0,1709.0
Buenos Aires,Daireaux,7.0,790.0,16.0,1986.0,20.0,1828.0
Buenos Aires,Las Flores,9.0,1101.0,15.0,2771.0,39.0,2543.0
Buenos Aires,Saavedra,12.0,785.0,15.0,2109.0,18.0,1799.0
Buenos Aires,Guamini,12.0,460.0,15.0,1189.0,18.0,1063.0
Buenos Aires,Rivadavia,4.0,942.0,15.0,2317.0,20.0,1873.0
Buenos Aires,General Paz,4.0,639.0,15.0,1705.0,25.0,1390.0
Buenos Aires,Carlos Tejedor,12.0,628.0,15.0,1557.0,19.0,1266.0
Buenos Aires,Colon,7.0,1112.0,15.0,2851.0,16.0,2561.0
Buenos Aires,General Las Heras,12.0,836.0,15.0,2054.0,16.0,1823.0
Buenos Aires,Tornquist,13.0,570.0,14.0,1549.0,20.0,1238.0
Buenos Aires,General Alvear,4.0,429.0,14.0,1137.0,26.0,912.0
Buenos Aires,General Viamonte,11.0,1002.0,14.0,2538.0,19.0,2039.0
Buenos Aires,Adolfo Gonzales Chaves,11.0,523.0,13.0,1401.0,16.0,1170.0
Buenos Aires,Puan,12.0,541.0,13.0,1459.0,18.0,1232.0
Buenos Aires,Suipacha,9.0,535.0,13.0,1328.0,14.0,1257.0
Buenos Aires,Tapalque,9.0,486.0,13.0,1125.0,22.0,1059.0
Buenos Aires,Pinamar,4.0,1719.0,12.0,4519.0,10.0,3979.0
Buenos Aires,General Arenales,9.0,655.0,11.0,1535.0,11.0,1404.0
Buenos Aires,General La Madrid,10.0,474.0,11.0,1263.0,16.0,980.0
Buenos Aires,Benito Juarez,7.0,916.0,11.0,2277.0,13.0,2015.0
Buenos Aires,Villa Gesell,4.0,1476.0,11.0,4267.0,12.0,3801.0
Buenos Aires,Ramallo,5.0,1929.0,11.0,4707.0,24.0,4088.0
Buenos Aires,Laprida,9.0,532.0,11.0,1366.0,16.0,1152.0
Buenos Aires,Dolores,9.0,1398.0,11.0,3369.0,22.0,2998.0
Buenos Aires,Leandro N. Alem,9.0,739.0,11.0,1838.0,15.0,1700.0
Buenos Aires,General Belgrano,9.0,899.0,11.0,2272.0,16.0,1893.0
Buenos Aires,Alberti,8.0,495.0,10.0,1378.0,13.0,1198.0
Buenos Aires,Capitan Sarmiento,7.0,625.0,10.0,1713.0,12.0,1441.0
Buenos Aires,Maipu,5.0,503.0,9.0,1234.0,12.0,995.0
Buenos Aires,Punta Indio,7.0,535.0,9.0,1384.0,14.0,1047.0
Buenos Aires,General Pinto,6.0,585.0,9.0,1321.0,13.0,1175.0
Buenos Aires,Pila,5.0,248.0,8.0,592.0,15.0,441.0
Buenos Aires,Florentino Ameghino,5.0,470.0,8.0,1275.0,9.0,1107.0
Buenos Aires,Castelli,6.0,416.0,7.0,1013.0,17.0,904.0
Buenos Aires,General Lavalle,6.0,250.0,7.0,636.0,9.0,493.0
Buenos Aires,San Cayetano,3.0,314.0,7.0,865.0,10.0,747.0
Buenos Aires,Hipolito Yrigoyen,3.0,435.0,6.0,1110.0,8.0,965.0
Buenos Aires,Tres Lomas,6.0,380.0,6.0,989.0,7.0,831.0
Buenos Aires,Salliquelo,5.0,366.0,5.0,963.0,5.0,846.0
Buenos Aires,Pellegrini,6.0,373.0,5.0,831.0,6.0,610.0
Buenos Aires,General Guido,3.0,137.0,4.0,338.0,14.0,304.0
Buenos Aires,Tordillo,2.0,136.0,4.0,298.0,5.0,231.0
Buenos Aires,Lezama,2.0,255.0,4.0,639.0,11.0,570.0
Buenos Aires,Monte Hermoso,4.0,317.0,4.0,942.0,3.0,782.0
Catamarca,Capital,2.0,8055.0,49.0,20132.0,46.0,17544.0
Catamarca,Belen,0.0,1434.0,43.0,3513.0,57.0,3350.0
Catamarca,Tinogasta,0.0,1134.0,30.0,2784.0,39.0,2684.0
Catamarca,La Paz,0.0,1261.0,28.0,3146.0,51.0,2844.0
Catamarca,Santa Maria,0.0,1238.0,27.0,2998.0,37.0,2619.0
Catamarca,Capayan,0.0,898.0,26.0,2244.0,29.0,2043.0
Catamarca,El Alto,0.0,204.0,19.0,517.0,27.0,485.0
Catamarca,Andalgala,0.0,870.0,17.0,2037.0,26.0,2051.0
Catamarca,Valle Viejo,0.0,1520.0,15.0,3862.0,18.0,3346.0
Catamarca,Paclin,0.0,172.0,15.0,512.0,13.0,450.0
Catamarca,Poman,1.0,554.0,13.0,1480.0,20.0,1321.0
Catamarca,Ambato,0.0,218.0,12.0,439.0,18.0,401.0
Catamarca,Fray Mamerto Esquiu,0.0,654.0,10.0,1651.0,10.0,1397.0
Catamarca,Ancasti,0.0,137.0,9.0,334.0,28.0,322.0
Catamarca,Santa Rosa,0.0,625.0,7.0,1476.0,25.0,1361.0
Catamarca,Antofagasta De La Sierra,0.0,74.0,4.0,241.0,5.0,174.0
Chaco,San Fernando,48.0,18040.0,169.0,45514.0,140.0,36791.0
Chaco,General Guemes,1.0,3925.0,100.0,9486.0,235.0,7565.0
Chaco,Libertador General San Martin,2.0,3634.0,56.0,8406.0,100.0,6903.0
Chaco,Comandante Fernandez,2.0,4754.0,52.0,12218.0,67.0,10680.0
Chaco,Mayor Luis J. Fontana,1.0,3161.0,39.0,7600.0,47.0,5872.0
Chaco,Almirante Brown,1.0,2184.0,35.0,5089.0,62.0,4604.0
Chaco,Quitilipi,1.0,1678.0,31.0,3819.0,54.0,3539.0
Chaco,O'Higgins,0.0,1099.0,28.0,3018.0,34.0,2575.0
Chaco,Chacabuco,0.0,1714.0,26.0,4114.0,34.0,3194.0
Chaco,9 De Julio,0.0,1620.0,26.0,3572.0,44.0,3053.0
Chaco,Maipu,1.0,1471.0,25.0,3468.0,57.0,2776.0
Chaco,Bermejo,4.0,1344.0,23.0,3431.0,31.0,2793.0
Chaco,12 De Octubre,1.0,1126.0,23.0,2851.0,31.0,2323.0
Chaco,25 De Mayo,0.0,1763.0,22.0,4543.0,40.0,3788.0
Chaco,Independencia,0.0,1262.0,16.0,3020.0,28.0,2776.0
Chaco,San Lorenzo,0.0,929.0,15.0,2119.0,31.0,1694.0
Chaco,Fray Justo Santa Maria De Oro,0.0,522.0,15.0,1305.0,19.0,1039.0
Chaco,Sargento Cabral,0.0,961.0,14.0,2286.0,29.0,1912.0
Chaco,General Donovan,0.0,747.0,13.0,1794.0,16.0,1513.0
Chaco,Presidencia De La Plaza,0.0,756.0,11.0,1853.0,16.0,1510.0
Chaco,Libertad,2.0,714.0,11.0,1682.0,12.0,1357.0
Chaco,1º De Mayo,1.0,760.0,8.0,1810.0,12.0,1262.0
Chaco,2 De Abril,0.0,407.0,8.0,895.0,17.0,768.0
Chaco,General Belgrano,1.0,771.0,5.0,1698.0,13.0,1470.0
Chaco,Tapenaga,0.0,207.0,5.0,505.0,10.0,442.0
Chubut,Escalante,25.0,9406.0,72.0,25207.0,62.0,20255.0
Chubut,Rawson,23.0,5876.0,65.0,15641.0,49.0,13427.0
Chubut,Biedma,15.0,4374.0,30.0,12244.0,27.0,10407.0
Chubut,Futaleufu,10.0,2036.0,26.0,5702.0,28.0,4656.0
Chubut,Cushamen,6.0,1171.0,22.0,3216.0,26.0,2710.0
Chubut,Gaiman,2.0,540.0,10.0,1396.0,9.0,1244.0
Chubut,Sarmiento,2.0,769.0,9.0,1995.0,8.0,1510.0
Chubut,Rio Senguer,1.0,305.0,8.0,746.0,9.0,517.0
Chubut,Gastre,0.0,52.0,5.0,108.0,5.0,97.0
Chubut,Languineo,1.0,141.0,5.0,297.0,5.0,269.0
Chubut,Tehuelches,0.0,267.0,4.0,754.0,5.0,546.0
Chubut,Telsen,0.0,60.0,3.0,167.0,4.0,151.0
Chubut,Paso De Indios,1.0,76.0,2.0,191.0,3.0,147.0
Chubut,Martires,0.0,43.0,1.0,74.0,2.0,54.0
Chubut,Florentino Ameghino,0.0,103.0,1.0,221.0,1.0,157.0
Ciudad Autónoma de Buenos Aires,Ciudad Autonoma De Buenos Aires,426.0,87535.0,885.0,236991.0,893.0,210663.0
Corrientes,Capital,43.0,19680.0,134.0,47808.0,95.0,40759.0
Corrientes,Goya,3.0,4959.0,80.0,12729.0,95.0,11020.0
Corrientes,Esquina,0.0,2117.0,50.0,4809.0,58.0,4256.0
Corrientes,Santo Tome,4.0,3709.0,46.0,9454.0,49.0,7725.0
Corrientes,Curuzu Cuatia,0.0,2522.0,44.0,6209.0,51.0,5270.0
Corrientes,San Luis Del Palmar,0.0,1037.0,40.0,2392.0,44.0,2129.0
Corrientes,Bella Vista,1.0,2328.0,37.0,5598.0,37.0,4349.0
Corrientes,Lavalle,1.0,2407.0,37.0,5545.0,39.0,4384.0
Corrientes,Mercedes,3.0,2649.0,36.0,6120.0,39.0,4682.0
Corrientes,Monte Caseros,0.0,2277.0,32.0,5486.0,39.0,4434.0
Corrientes,Paso De Los Libres,2.0,2964.0,31.0,7451.0,35.0,6405.0
Corrientes,General Paz,0.0,798.0,29.0,1916.0,32.0,1636.0
Corrientes,Ituzaingo,0.0,2033.0,29.0,4878.0,34.0,4073.0
Corrientes,Saladas,0.0,1455.0,28.0,3566.0,28.0,3134.0
Corrientes,Empedrado,0.0,877.0,27.0,2041.0,39.0,1795.0
Corrientes,Concepcion,1.0,1534.0,26.0,3721.0,34.0,3145.0
Corrientes,San Roque,0.0,1145.0,24.0,2726.0,28.0,2356.0
Corrientes,San Cosme,0.0,902.0,22.0,2191.0,22.0,1708.0
Corrientes,San Martin,0.0,819.0,17.0,1980.0,25.0,1694.0
Corrientes,San Miguel,0.0,718.0,15.0,1758.0,17.0,1480.0
Corrientes,Sauce,0.0,529.0,14.0,1251.0,18.0,1114.0
Corrientes,Mburucuya,0.0,510.0,13.0,1317.0,17.0,1230.0
Corrientes,Itati,0.0,637.0,12.0,1491.0,13.0,1164.0
Corrientes,General Alvear,0.0,477.0,10.0,1086.0,12.0,936.0
Corrientes,Beron De Astrada,0.0,137.0,3.0,301.0,5.0,288.0
Córdoba,Capital,23.0,58120.0,437.0,149261.0,411.0,132716.0
Córdoba,San Justo,0.0,9838.0,158.0,24255.0,172.0,21387.0
Córdoba,Rio Cuarto,0.0,11863.0,142.0,28900.0,155.0,24194.0
Córdoba,Colon,1.0,13616.0,96.0,34951.0,97.0,29481.0
Córdoba,Union,0.0,4780.0,90.0,12013.0,98.0,10336.0
Córdoba,General San Martin,2.0,6949.0,80.0,16719.0,80.0,13699.0
Córdoba,Punilla,0.0,8649.0,78.0,22996.0,82.0,19945.0
Córdoba,Cruz Del Eje,0.0,3124.0,73.0,7539.0,82.0,6409.0
Córdoba,Santa Maria,0.0,6745.0,70.0,16655.0,70.0,13320.0
Córdoba,Marcos Juarez,0.0,4276.0,69.0,10712.0,82.0,9015.0
Córdoba,Tercero Arriba,0.0,5123.0,66.0,12660.0,70.0,10615.0
Córdoba,Rio Segundo,0.0,4752.0,64.0,12120.0,73.0,10358.0
Córdoba,Rio Primero,0.0,2879.0,63.0,6664.0,74.0,5637.0
Córdoba,Calamuchita,0.0,3329.0,54.0,8474.0,67.0,7104.0
Córdoba,San Alberto,0.0,1903.0,49.0,4666.0,54.0,3958.0
Córdoba,San Javier,0.0,2613.0,49.0,7043.0,52.0,5838.0
Córdoba,Juarez Celman,0.0,3118.0,48.0,7504.0,55.0,6295.0
Córdoba,Ischilin,0.0,1743.0,37.0,4159.0,41.0,3859.0
Córdoba,Presidente Roque Saenz Pena,0.0,1616.0,33.0,4130.0,33.0,3526.0
Córdoba,Tulumba,0.0,621.0,33.0,1454.0,42.0,1262.0
Córdoba,Rio Seco,0.0,712.0,29.0,1890.0,37.0,1619.0
Córdoba,General Roca,0.0,1592.0,29.0,3828.0,35.0,3338.0
Córdoba,Totoral,0.0,1032.0,25.0,2627.0,35.0,2260.0
Córdoba,Pocho,0.0,208.0,21.0,472.0,28.0,471.0
Córdoba,Minas,0.0,215.0,21.0,499.0,25.0,454.0
Córdoba,Sobremonte,0.0,192.0,9.0,468.0,14.0,474.0
Entre Ríos,Parana,19.0,16035.0,232.0,40780.0,225.0,34203.0
Entre Ríos,Gualeguaychu,8.0,5322.0,106.0,13745.0,111.0,11683.0
Entre Ríos,Concordia,10.0,9948.0,104.0,24910.0,90.0,19760.0
Entre Ríos,Uruguay,7.0,4867.0,86.0,12543.0,96.0,10989.0
Entre Ríos,La Paz,3.0,3579.0,82.0,9094.0,97.0,7510.0
Entre Ríos,Villaguay,1.0,2582.0,79.0,6258.0,93.0,5445.0
Entre Ríos,Nogoya,7.0,1874.0,71.0,4731.0,90.0,3961.0
Entre Ríos,Federacion,0.0,3853.0,66.0,9326.0,76.0,7362.0
Entre Ríos,Diamante,5.0,2155.0,56.0,5216.0,56.0,4404.0
Entre Ríos,Colon,4.0,3368.0,53.0,8095.0,53.0,6808.0
Entre Ríos,Federal,4.0,1448.0,49.0,3327.0,56.0,2784.0
Entre Ríos,Gualeguay,2.0,2558.0,47.0,6359.0,56.0,5287.0
Entre Ríos,Victoria,10.0,1744.0,40.0,4259.0,46.0,3629.0
Entre Ríos,Tala,3.0,1410.0,36.0,3601.0,47.0,2963.0
Entre Ríos,Feliciano,1.0,825.0,27.0,2002.0,30.0,1752.0
Entre Ríos,Islas Del Ibicuy,3.0,707.0,22.0,1790.0,25.0,1491.0
Entre Ríos,San Salvador,2.0,947.0,19.0,2487.0,19.0,2170.0
Formosa,Patino,3.0,4619.0,102.0,11476.0,131.0,8864.0
Formosa,Formosa,13.0,11953.0,99.0,30764.0,89.0,26381.0
Formosa,Pilcomayo,5.0,4950.0,68.0,11883.0,60.0,9453.0
Formosa,Pirane,4.0,3897.0,68.0,9417.0,100.0,7940.0
Formosa,Bermejo,0.0,987.0,47.0,2371.0,60.0,1864.0
Formosa,Ramon Lista,0.0,1333.0,34.0,3239.0,59.0,2578.0
Formosa,Pilagas,0.0,1003.0,27.0,2530.0,34.0,2118.0
Formosa,Laishi,0.0,982.0,21.0,2496.0,23.0,2230.0
Formosa,Matacos,0.0,1019.0,15.0,2539.0,25.0,2024.0
Jujuy,Dr. Manuel Belgrano,26.0,13306.0,106.0,36369.0,87.0,29775.0
Jujuy,San Pedro,6.0,4211.0,44.0,10745.0,41.0,8540.0
Jujuy,El Carmen,5.0,6190.0,43.0,15576.0,42.0,12999.0
Jujuy,Yavi,2.0,1332.0,36.0,3247.0,36.0,2798.0
Jujuy,Humahuaca,0.0,1040.0,33.0,2892.0,35.0,2366.0
Jujuy,Ledesma,1.0,4449.0,31.0,11518.0,27.0,9498.0
Jujuy,Cochinoca,0.0,755.0,28.0,2002.0,32.0,1782.0
Jujuy,Palpala,2.0,2855.0,21.0,7650.0,22.0,6532.0
Jujuy,Tilcara,0.0,626.0,16.0,1787.0,18.0,1565.0
Jujuy,Santa Catalina,0.0,172.0,15.0,350.0,16.0,304.0
Jujuy,Tumbaya,0.0,209.0,15.0,631.0,15.0,468.0
Jujuy,Santa Barbara,1.0,1061.0,14.0,2848.0,15.0,2152.0
Jujuy,Rinconada,0.0,86.0,12.0,292.0,13.0,187.0
Jujuy,Susques,0.0,249.0,9.0,604.0,10.0,483.0
Jujuy,San Antonio,0.0,308.0,6.0,820.0,6.0,617.0
Jujuy,Valle Grande,0.0,111.0,6.0,332.0,8.0,273.0
La Pampa,Capital,13.0,4696.0,61.0,12927.0,42.0,10902.0
La Pampa,Maraco,0.0,2981.0,26.0,7633.0,25.0,6334.0
La Pampa,Utracan,0.0,764.0,12.0,2084.0,14.0,1668.0
La Pampa,Conhelo,0.0,607.0,10.0,1567.0,10.0,1227.0
La Pampa,Rancul,0.0,509.0,10.0,1281.0,11.0,1164.0
La Pampa,Chapaleufu,0.0,551.0,9.0,1353.0,9.0,1136.0
La Pampa,Realico,0.0,709.0,9.0,1924.0,12.0,1672.0
La Pampa,Puelen,0.0,614.0,8.0,1576.0,8.0,1178.0
La Pampa,Atreuco,0.0,420.0,8.0,1146.0,8.0,1002.0
La Pampa,Toay,0.0,899.0,7.0,2436.0,7.0,1773.0
La Pampa,Loventue,0.0,377.0,6.0,993.0,7.0,858.0
La Pampa,Quemu Quemu,0.0,332.0,5.0,825.0,7.0,807.0
La Pampa,Guatrache,0.0,358.0,5.0,894.0,7.0,827.0
La Pampa,Catrilo,0.0,372.0,5.0,1019.0,6.0,794.0
La Pampa,Hucal,0.0,286.0,5.0,693.0,5.0,617.0
La Pampa,Trenel,0.0,249.0,4.0,580.0,4.0,495.0
La Pampa,Chical Co,0.0,66.0,3.0,180.0,3.0,163.0
La Pampa,Limay Mahuida,0.0,14.0,2.0,46.0,2.0,24.0
La Pampa,Curaco,0.0,54.0,2.0,125.0,2.0,90.0
La Pampa,Caleu Caleu,0.0,110.0,2.0,325.0,3.0,283.0
La Pampa,Lihuel Calel,0.0,22.0,1.0,52.0,1.0,44.0
La Pampa,Chalileo,0.0,130.0,1.0,354.0,2.0,270.0
La Rioja,Capital,12.0,8628.0,87.0,23293.0,84.0,20533.0
La Rioja,Chilecito,4.0,2573.0,30.0,7038.0,31.0,6402.0
La Rioja,Rosario Vera Penaloza,0.0,745.0,21.0,1900.0,34.0,1616.0
La Rioja,General Juan Facundo Quiroga,0.0,187.0,19.0,406.0,25.0,417.0
La Rioja,General Belgrano,0.0,346.0,17.0,784.0,20.0,728.0
La Rioja,General Felipe Varela,0.0,479.0,16.0,1249.0,18.0,1001.0
La Rioja,General San Martin,0.0,222.0,14.0,643.0,23.0,550.0
La Rioja,Arauco,1.0,764.0,14.0,1915.0,13.0,1593.0
La Rioja,Chamical,0.0,720.0,13.0,1589.0,24.0,1472.0
La Rioja,Famatina,0.0,265.0,13.0,757.0,14.0,711.0
La Rioja,General Ortiz De Ocampo,0.0,298.0,9.0,765.0,29.0,696.0
La Rioja,Independencia,0.0,111.0,8.0,291.0,10.0,257.0
La Rioja,Vinchina,0.0,116.0,6.0,294.0,7.0,257.0
La Rioja,Castro Barros,0.0,239.0,6.0,626.0,7.0,511.0
La Rioja,San Blas De Los Sauces,0.0,194.0,6.0,501.0,7.0,422.0
La Rioja,General Lamadrid,0.0,86.0,2.0,191.0,2.0,187.0
La Rioja,Sanagasta,0.0,124.0,1.0,361.0,1.0,270.0
La Rioja,Angel Vicente Penaloza,0.0,138.0,0.0,392.0,0.0,296.0
Mendoza,San Rafael,30.0,9770.0,132.0,24756.0,130.0,19958.0
Mendoza,Guaymallen,26.0,14431.0,83.0,36996.0,87.0,29798.0
Mendoza,Maipu,13.0,10215.0,72.0,26442.0,69.0,21528.0
Mendoza,Godoy Cruz,22.0,7559.0,70.0,19838.0,67.0,16701.0
Mendoza,Capital,20.0,4557.0,60.0,11563.0,62.0,9394.0
Mendoza,San Martin,23.0,6520.0,59.0,17257.0,62.0,13262.0
Mendoza,Las Heras,26.0,11303.0,55.0,28992.0,55.0,23685.0
Mendoza,Lujan De Cuyo,11.0,7858.0,55.0,20822.0,56.0,17463.0
Mendoza,Lavalle,17.0,2567.0,45.0,6674.0,46.0,5019.0
Mendoza,General Alvear,16.0,2260.0,40.0,6260.0,43.0,4846.0
Mendoza,Rivadavia,13.0,2949.0,30.0,7683.0,31.0,6036.0
Mendoza,Tunuyan,13.0,2891.0,29.0,7833.0,31.0,6153.0
Mendoza,Junin,12.0,2075.0,28.0,5299.0,28.0,4319.0
Mendoza,San Carlos,18.0,1961.0,27.0,5109.0,30.0,4018.0
Mendoza,Malargue,7.0,1629.0,22.0,4345.0,22.0,3426.0
Mendoza,Tupungato,5.0,2125.0,20.0,5685.0,22.0,4481.0
Mendoza,Santa Rosa,15.0,994.0,19.0,2509.0,22.0,1897.0
Mendoza,La Paz,4.0,574.0,9.0,1499.0,11.0,1108.0
Misiones,Capital,14.0,18639.0,138.0,47460.0,129.0,37696.0
Misiones,Obera,2.0,6333.0,99.0,16152.0,108.0,12528.0
Misiones,Guarani,0.0,4649.0,93.0,11433.0,143.0,8836.0
Misiones,Cainguas,1.0,3382.0,88.0,8762.0,99.0,6766.0
Misiones,Iguazu,3.0,5769.0,78.0,14290.0,80.0,10929.0
Misiones,San Ignacio,0.0,3473.0,71.0,8670.0,79.0,6716.0
Misiones,General Manuel Belgrano,0.0,2917.0,70.0,6918.0,87.0,5169.0
Misiones,Eldorado,2.0,4724.0,61.0,12100.0,70.0,9635.0
Misiones,Leandro N. Alem,2.0,2490.0,56.0,6082.0,65.0,4879.0
Misiones,San Pedro,0.0,2266.0,49.0,5727.0,79.0,4161.0
Misiones,25 De Mayo,0.0,1718.0,45.0,4288.0,68.0,3286.0
Misiones,Montecarlo,0.0,2010.0,36.0,5313.0,39.0,4258.0
Misiones,San Javier,0.0,1242.0,34.0,3294.0,40.0,2470.0
Misiones,Apostoles,2.0,2821.0,32.0,6783.0,34.0,5453.0
Misiones,Candelaria,1.0,1969.0,23.0,4979.0,30.0,3937.0
Misiones,Concepcion,0.0,569.0,14.0,1384.0,21.0,1152.0
Misiones,Libertador General San Martin,0.0,2869.0,0.0,6927.0,0.0,5525.0
Neuquén,Confluencia,12.0,19766.0,147.0,52500.0,160.0,42174.0
Neuquén,Zapala,1.0,2031.0,27.0,5480.0,30.0,4533.0
Neuquén,Lacar,6.0,1654.0,19.0,4460.0,24.0,3818.0
Neuquén,Huiliches,2.0,1002.0,18.0,2530.0,19.0,1973.0
Neuquén,Alumine,0.0,497.0,12.0,1208.0,13.0,1021.0
Neuquén,Pehuenches,0.0,1538.0,11.0,4093.0,17.0,3242.0
Neuquén,Norquin,0.0,269.0,11.0,646.0,13.0,522.0
Neuquén,Chos Malal,0.0,734.0,10.0,2162.0,18.0,1701.0
Neuquén,Catan Lil,0.0,138.0,10.0,368.0,12.0,258.0
Neuquén,Picunches,0.0,424.0,9.0,1097.0,10.0,793.0
Neuquén,Minas,0.0,468.0,9.0,1061.0,17.0,831.0
Neuquén,Los Lagos,2.0,655.0,7.0,1861.0,9.0,1466.0
Neuquén,Anelo,0.0,1024.0,6.0,2480.0,9.0,1881.0
Neuquén,Loncopue,0.0,395.0,6.0,927.0,11.0,729.0
Neuquén,Picun Leufu,0.0,222.0,5.0,631.0,7.0,445.0
Neuquén,Collon Cura,1.0,217.0,5.0,535.0,7.0,461.0
Río Negro,General Roca,17.0,16354.0,157.0,43425.0,165.0,35515.0
Río Negro,Bariloche,18.0,6400.0,72.0,17315.0,71.0,13885.0
Río Negro,Adolfo Alsina,15.0,2598.0,39.0,7124.0,35.0,6046.0
Río Negro,Avellaneda,1.0,1938.0,23.0,4940.0,29.0,4126.0
Río Negro,San Antonio,4.0,1492.0,14.0,4166.0,15.0,3416.0
Río Negro,25 De Mayo,3.0,793.0,10.0,1877.0,14.0,1607.0
Río Negro,Pichi Mahuida,1.0,798.0,8.0,1943.0,10.0,1439.0
Río Negro,Pilcaniyeu,0.0,336.0,8.0,1107.0,13.0,821.0
Río Negro,Conesa,2.0,345.0,7.0,840.0,9.0,630.0
Río Negro,El Cuy,0.0,309.0,7.0,901.0,9.0,675.0
Río Negro,Norquinco,0.0,63.0,7.0,141.0,9.0,127.0
Río Negro,9 De Julio,2.0,132.0,7.0,408.0,7.0,321.0
Río Negro,Valcheta,0.0,183.0,6.0,457.0,8.0,367.0
Salta,Capital,19.0,27161.0,181.0,72054.0,157.0,59245.0
Salta,General Jose De San Martin,0.0,10488.0,107.0,25874.0,108.0,20452.0
Salta,Rivadavia,0.0,2651.0,100.0,6427.0,104.0,4929.0
Salta,Oran,4.0,8945.0,75.0,22746.0,66.0,18047.0
Salta,Anta,2.0,3627.0,55.0,9429.0,57.0,7601.0
Salta,Santa Victoria,0.0,524.0,38.0,1436.0,45.0,1218.0
Salta,Rosario De La Frontera,1.0,1630.0,34.0,4146.0,33.0,3302.0
Salta,Rosario De Lerma,0.0,2668.0,32.0,6604.0,33.0,5208.0
Salta,General Guemes,2.0,2699.0,30.0,6917.0,27.0,5526.0
Salta,Metan,1.0,2382.0,29.0,5695.0,27.0,4488.0
Salta,Iruya,1.0,386.0,23.0,930.0,26.0,785.0
Salta,Cerrillos,1.0,2984.0,22.0,8047.0,18.0,6079.0
Salta,San Carlos,0.0,386.0,21.0,1102.0,21.0,812.0
Salta,Chicoana,1.0,1137.0,18.0,3014.0,18.0,2568.0
Salta,Cachi,0.0,459.0,16.0,1236.0,16.0,883.0
Salta,Molinos,0.0,302.0,14.0,837.0,14.0,706.0
Salta,Cafayate,0.0,804.0,11.0,2378.0,10.0,1887.0
Salta,La Caldera,4.0,547.0,10.0,1430.0,9.0,1076.0
Salta,Los Andes,0.0,495.0,9.0,1130.0,8.0,923.0
Salta,La Vina,0.0,424.0,8.0,1108.0,9.0,909.0
Salta,La Poma,0.0,99.0,8.0,260.0,8.0,234.0
Salta,Guachipas,0.0,185.0,7.0,403.0,10.0,332.0
Salta,La Candelaria,0.0,343.0,6.0,904.0,7.0,755.0
San Juan,Capital,6.0,4264.0,56.0,10619.0,59.0,9248.0
San Juan,Rawson,0.0,6557.0,37.0,16891.0,49.0,14120.0
San Juan,Rivadavia,1.0,4713.0,34.0,11692.0,35.0,9610.0
San Juan,Jachal,0.0,1168.0,32.0,2781.0,34.0,2398.0
San Juan,Pocito,0.0,4016.0,26.0,10435.0,27.0,8555.0
San Juan,Sarmiento,0.0,1597.0,23.0,3853.0,26.0,3304.0
San Juan,Caucete,0.0,2312.0,23.0,5636.0,26.0,5029.0
San Juan,25 De Mayo,0.0,1285.0,22.0,2998.0,22.0,2605.0
San Juan,Chimbas,0.0,5416.0,21.0,13494.0,26.0,11469.0
San Juan,Valle Fertil,0.0,414.0,19.0,963.0,21.0,801.0
San Juan,Santa Lucia,0.0,3160.0,16.0,7756.0,18.0,6279.0
San Juan,Calingasta,0.0,606.0,16.0,1476.0,17.0,1116.0
San Juan,Albardon,0.0,1568.0,13.0,4253.0,13.0,3543.0
San Juan,Angaco,0.0,519.0,12.0,1380.0,12.0,1164.0
San Juan,San Martin,0.0,836.0,12.0,2165.0,12.0,1718.0
San Juan,Iglesia,0.0,429.0,11.0,1084.0,14.0,908.0
San Juan,9 De Julio,0.0,729.0,5.0,1704.0,5.0,1390.0
San Juan,Ullum,0.0,357.0,2.0,864.0,2.0,704.0
San Juan,Zonda,0.0,362.0,2.0,881.0,2.0,729.0
San Luis,General Pedernera,5.0,6523.0,58.0,17217.0,69.0,15346.0
San Luis,Junin,1.0,1567.0,20.0,4272.0,31.0,3956.0
San Luis,Ayacucho,0.0,1087.0,15.0,2770.0,44.0,2471.0
San Luis,Gobernador Dupuy,0.0,706.0,13.0,1708.0,14.0,1593.0
San Luis,Chacabuco,1.0,1108.0,13.0,2742.0,25.0,2612.0
San Luis,Coronel Pringles,0.0,636.0,12.0,1710.0,23.0,1641.0
San Luis,Belgrano,0.0,260.0,7.0,651.0,25.0,545.0
San Luis,Libertador General San Martin,0.0,187.0,0.0,445.0,0.0,444.0
San Luis,Juan Martin De Pueyrredon,0.0,10712.0,0.0,28921.0,0.0,27055.0
Santa Cruz,Deseado,0.0,6113.0,37.0,16156.0,45.0,13468.0
Santa Cruz,Guer Aike,3.0,6145.0,37.0,16392.0,46.0,13731.0
Santa Cruz,Lago Argentino,1.0,1331.0,7.0,3312.0,9.0,2596.0
Santa Cruz,Corpen Aike,0.0,821.0,5.0,1949.0,6.0,1497.0
Santa Cruz,Magallanes,1.0,625.0,4.0,1739.0,3.0,1324.0
Santa Cruz,Lago Buenos Aires,0.0,752.0,4.0,1616.0,5.0,1174.0
Santa Cruz,Rio Chico,0.0,353.0,3.0,874.0,4.0,653.0
Santa Fe,Rosario,31.0,53739.0,343.0,136909.0,342.0,111326.0
Santa Fe,La Capital,21.0,24091.0,194.0,60178.0,175.0,51318.0
Santa Fe,General Obligado,2.0,9407.0,129.0,22397.0,155.0,19095.0
Santa Fe,Castellanos,9.0,8342.0,126.0,20593.0,124.0,17437.0
Santa Fe,San Cristobal,6.0,3275.0,105.0,8274.0,112.0,6990.0
Santa Fe,Las Colonias,7.0,4661.0,103.0,11728.0,107.0,10201.0
Santa Fe,General Lopez,8.0,8181.0,96.0,20764.0,104.0,17525.0
Santa Fe,Vera,0.0,2772.0,87.0,6546.0,92.0,5536.0
Santa Fe,9 De Julio,0.0,1464.0,61.0,3636.0,77.0,3285.0
Santa Fe,San Jeronimo,4.0,3767.0,53.0,9086.0,64.0,7615.0
Santa Fe,San Lorenzo,2.0,9067.0,51.0,22850.0,58.0,17689.0
Santa Fe,San Martin,1.0,2844.0,47.0,7148.0,53.0,5857.0
Santa Fe,San Justo,2.0,2052.0,43.0,5112.0,50.0,4294.0
Santa Fe,Constitucion,3.0,3679.0,40.0,9370.0,45.0,8501.0
Santa Fe,Iriondo,2.0,3138.0,39.0,7768.0,50.0,6189.0
Santa Fe,San Javier,0.0,1622.0,35.0,4011.0,40.0,3004.0
Santa Fe,Caseros,5.0,3185.0,28.0,8294.0,37.0,7108.0
Santa Fe,Garay,0.0,1219.0,20.0,2920.0,22.0,2238.0
Santa Fe,Belgrano,2.0,1968.0,17.0,4903.0,28.0,4293.0
Santiago del Estero,Capital,7.0,15140.0,143.0,37231.0,113.0,30377.0
Santiago del Estero,Banda,2.0,9064.0,119.0,21600.0,105.0,17110.0
Santiago del Estero,Rio Hondo,2.0,3438.0,67.0,8569.0,68.0,6856.0
Santiago del Estero,Figueroa,0.0,1183.0,54.0,2803.0,70.0,2471.0
Santiago del Estero,Loreto,1.0,1155.0,52.0,3051.0,47.0,2561.0
Santiago del Estero,Pellegrini,0.0,1418.0,51.0,3634.0,72.0,2937.0
Santiago del Estero,Robles,0.0,2959.0,46.0,7173.0,38.0,5982.0
Santiago del Estero,Moreno,0.0,2441.0,46.0,5635.0,72.0,5178.0
Santiago del Estero,General Taboada,0.0,2553.0,44.0,6042.0,52.0,5394.0
Santiago del Estero,Choya,0.0,2071.0,40.0,5276.0,48.0,4520.0
Santiago del Estero,Alberdi,0.0,1184.0,36.0,2854.0,58.0,2369.0
Santiago del Estero,Copo,0.0,2124.0,33.0,4966.0,79.0,4367.0
Santiago del Estero,Juan Felipe Ibarra,0.0,1139.0,31.0,3004.0,49.0,2585.0
Santiago del Estero,Avellaneda,0.0,1481.0,30.0,3527.0,52.0,3231.0
Santiago del Estero,Ojo De Agua,0.0,758.0,29.0,1714.0,45.0,1633.0
Santiago del Estero,Salavina,0.0,666.0,28.0,1746.0,38.0,1654.0
Santiago del Estero,Quebrachos,0.0,741.0,27.0,1585.0,43.0,1324.0
Santiago del Estero,Jimenez,0.0,980.0,27.0,2376.0,39.0,2055.0
Santiago del Estero,San Martin,0.0,610.0,27.0,1602.0,36.0,1480.0
Santiago del Estero,Atamisqui,0.0,822.0,26.0,2168.0,26.0,1880.0
Santiago del Estero,Guasayan,0.0,494.0,18.0,1095.0,23.0,941.0
Santiago del Estero,Silipica,0.0,464.0,14.0,1173.0,16.0,1076.0
Santiago del Estero,Rivadavia,0.0,261.0,12.0,649.0,16.0,539.0
Santiago del Estero,Aguirre,0.0,434.0,10.0,1064.0,13.0,941.0
Santiago del Estero,Sarmiento,0.0,286.0,10.0,722.0,17.0,624.0
Santiago del Estero,Belgrano,0.0,585.0,7.0,1293.0,12.0,1074.0
Santiago del Estero,Mitre,0.0,62.0,5.0,143.0,10.0,160.0
"Tierra del Fuego, Antártida e Islas del Atlántico Sur",Rio Grande,0.0,4771.0,28.0,11816.0,33.0,9779.0
"Tierra del Fuego, Antártida e Islas del Atlántico Sur",Ushuaia,4.0,3576.0,23.0,8898.0,29.0,7210.0
"Tierra del Fuego, Antártida e Islas del Atlántico Sur",Tolhuin,0.0,322.0,0.0,832.0,0.0,662.0
Tucumán,Capital,46.0,24461.0,188.0,60342.0,138.0,50598.0
Tucumán,Cruz Alta,5.0,11658.0,89.0,29374.0,76.0,23883.0
Tucumán,Leales,0.0,3089.0,73.0,7892.0,73.0,6716.0
Tucumán,Burruyacu,0.0,2331.0,57.0,6034.0,57.0,4942.0
Tucumán,Tafi Viejo,6.0,8495.0,55.0,21744.0,49.0,17829.0
Tucumán,Simoca,0.0,1709.0,52.0,4427.0,52.0,3591.0
Tucumán,Chicligasta,3.0,4203.0,44.0,10719.0,41.0,8977.0
Tucumán,Monteros,1.0,3579.0,42.0,9280.0,40.0,7910.0
Tucumán,Lules,3.0,4717.0,37.0,12694.0,32.0,9951.0
Tucumán,Yerba Buena,3.0,4689.0,34.0,11860.0,32.0,10036.0
Tucumán,Rio Chico,0.0,3011.0,30.0,7740.0,30.0,6483.0
Tucumán,Graneros,0.0,800.0,30.0,1880.0,30.0,1613.0
Tucumán,Trancas,0.0,1163.0,25.0,2854.0,25.0,2478.0
Tucumán,Famailla,1.0,2322.0,24.0,5489.0,23.0,4607.0
Tucumán,Tafi Del Valle,1.0,1010.0,24.0,2606.0,24.0,2135.0
Tucumán,La Cocha,0.0,992.0,17.0,2557.0,18.0,2282.0
Tucumán,Juan Bautista Alberdi,0.0,1586.0,0.0,4124.0,0.0,3462.0
